id,sourceid,name,party,area,seat,start
0252067342313,25617b2f-2cc7-477a-a872-d1c14e9ef187,Åsa Lindestam,S,Gävleborgs län,1,2018-09-24
0122987223112,4468626c-27a1-46c7-b530-f346b70b753b,Lotta Johnsson Fornarve,V,Södermanlands län,2,2018-09-24
0155487380917,4a514760-f0a7-47a7-8a51-91bd46693df7,Kerstin Lundgren,C,Stockholms län,3,2018-09-24
0722683622001,66c921d0-cc6d-4137-8e09-bd8c686faa11,Lars Jilmstad,M,Stockholms kommun,4,2020-01-01
0911067396229,b20fb0ab-e161-4d7a-acc9-57c3923d5456,Mattias Vepsä,S,Stockholms kommun,5,2020-03-09
0363228965800,e7e41401-b4df-11d5-8079-0040ca16072a,Barbro Westerholm,L,Stockholms län,6,2018-09-24
0607691439013,d7c32504-83e4-11d4-ae60-0050040c9b55,Karin Enström,M,Stockholms län,7,2018-09-24
0973782197017,d7c3256b-83e4-11d4-ae60-0050040c9b55,Mikael Oscarsson,KD,Uppsala län,8,2018-09-24
0612916684825,eaf0fa85-8858-4e0e-97d8-daee0a771d1f,Johan Löfstrand,S,Östergötlands län,9,2018-09-24
0547818628111,e32075e3-a115-4add-8652-4993f2f8d8ab,Betty Malmberg,M,Östergötlands län,10,2018-09-24
0677738818613,48144b97-5799-422d-9ede-8b2dd360ca19,Anders Åkesson,C,Kalmar län,11,2018-09-24
0529103571012,ecbe80be-fc66-48ce-81fd-14d6fa38aa4c,Jan R Andersson,M,Kalmar län,12,2020-06-22
0412148992926,ed3399e1-7bce-4ea4-baf6-587f722710f5,Hanna Westerén,S,Gotlands län,13,2018-09-24
0853831481615,e40dbf5a-203b-4744-84b0-a40ac2a763cb,Lars Thomsson,C,Gotlands län,14,2018-09-24
0645111757928,994eee01-a983-4409-9455-cd915c86d94d,Elin Gustafsson,S,Skåne läns södra,15,2018-09-24
0843345349823,fa84d5df-e8ef-43be-beff-a71453d18ebc,Anders Hansson,M,Skåne läns södra,16,2018-09-24
0540190357911,d7c323f9-83e4-11d4-ae60-0050040c9b55,Hans Hoff,S,Hallands län,17,2018-09-24
0873650166625,b5d42e25-f5ee-4d25-b4aa-342913f4d080,Sara Heikkinen Breitholtz,S,Hallands län,18,2019-01-21
0909948830718,8583281e-3621-49fd-a131-661a0f432452,Ann-Christin Ahlberg,S,Västra Götalands läns södra,19,2018-09-24
0940980416614,5c11ef9b-d56d-4e85-8cc6-800f0257548a,Jan Ericson,M,Västra Götalands läns södra,20,2018-09-24
0427321850912,3badc18d-3c4a-4068-921a-b5fa8a9652d6,Lars Mejern Larsson,S,Värmlands län,21,2018-09-24
0801311569314,434f8fc8-eb9d-4364-99f6-63f1ef873561,Gunilla Svantorp,S,Värmlands län,22,2018-09-24
0460690753617,d6a34e6b-6f87-455c-ab36-fd75292f0ed0,Pia Nilsson,S,Västmanlands län,23,2018-09-24
0227802801605,0363ee54-6077-4caf-b7d6-09dcb7051213,Thomas Hammarberg,S,Stockholms kommun,24,2019-09-05
0970259744617,d7c329da-83e4-11d4-ae60-0050040c9b55,Margareta Cederfelt,M,Stockholms kommun,25,2018-09-24
0497217816024,4da8bb6b-fc06-4f3a-ba25-f70dfe5eb5a7,Markus Selin,S,Stockholms län,26,2020-08-01
0999976269027,d12313ba-680b-4784-b858-5c9e6db692e7,Amanda Palmstierna,MP,Stockholms län,27,2019-10-01
0541320528015,241a3fd7-124c-4e9e-ac01-9083f36b3295,Nina Lundström,L,Stockholms län,28,2019-11-01
0363721826713,66c12cfb-4888-443a-9e31-f64671296908,Per Lodenius,C,Stockholms län,29,2018-09-24
0196077326617,c59974f3-9489-4b50-8a17-78378bfd7afe,Solveig Zander,C,Uppsala län,30,2018-09-24
025877594729,5d1ac61d-4464-41a4-bae0-42ea3782cba8,John Widegren,M,Östergötlands län,31,2018-09-24
0964730940415,fff74c6c-fae3-4977-a472-cfe2b6ae257a,Johan Andersson,S,Östergötlands län,32,2018-09-24
0358278412329,d2d94e0b-a745-4457-8c2f-9557caf78cdf,Björn Petersson,S,Kalmar län,33,2018-09-24
0130789484021,cb0336b4-54a8-4384-abe3-8d6cbebc63fa,Mattias Bäckström Johansson,SD,Kalmar län,34,2018-09-24
0619928872229,f65cb6f1-7001-4e8e-8d32-89d534577ab0,Laila Naraghi,S,Kalmar län,35,2020-02-15
0590042760718,23c1d1cc-f2a2-47f1-b144-0d52a464791a,Annicka Engblom,M,Blekinge län,36,2018-09-24
0803753212716,ea8bae0d-0db4-4c68-b59f-3ba83d5f445d,Richard Jomshof,SD,Blekinge län,37,2018-09-24
0105632258713,d3628aa4-ea6a-4466-8e2c-f3d0cb2d9cad,Boriana Åberg,M,Skåne läns södra,38,2018-09-24
0934639939611,728bd800-61df-4b9a-86ed-1fe3d8479f14,Ola Johansson,C,Hallands län,39,2018-09-24
0442629549320,2eb5b5ce-2e8c-4063-a2c2-d03b50ff4c5d,Adnan Dibrani,S,Hallands län,40,2018-09-24
0116759114313,18cd4aa9-d266-4c2b-bcaa-6118032ece49,Bengt Eliasson,L,Hallands län,41,2018-09-24
010343930918,4c83b0e0-8dda-47a4-9464-81c56db30430,Cecilie Tenfjord Toftby,M,Västra Götalands läns södra,42,2018-09-24
0274462857213,7826c819-d0da-4e4a-a16b-ffa3d8e9b155,Petter Löberg,S,Västra Götalands läns södra,43,2018-09-24
0183544538819,0007cc9d-247c-4136-80d1-0bae44bd20ba,Patrik Jönsson,SD,Västra Götalands läns södra,44,2018-09-24
0545733815610,6aa5f2eb-568a-4853-a925-65fee736b037,Patrick Reslow,SD,Värmlands län,45,2018-09-24
0665485817222,d9b65520-dba2-4ec1-a124-d89d667ebf37,Daniel Bäckström,C,Värmlands län,46,2018-09-24
0879782396219,6d1640b5-12e6-41a3-82a2-a3e91c172cda,Olle Thorell,S,Västmanlands län,47,2018-09-24
0679228585116,74c39a37-e184-44f6-9a7e-36cdb06c9dcc,Per Åsling,C,Jämtlands län,48,2018-09-24
0519740099915,243f0434-ae15-41b4-92b6-146a0fb0700a,Saila Quicklund,M,Jämtlands län,49,2018-09-24
0222691314314,e7e4132a-b4df-11d5-8079-0040ca16072a,Ulf Kristersson,M,Stockholms kommun,50,2018-09-24
0766496753128,cf017275-5272-4506-a686-4e1d8edc5ab6,Fredrik Malm,L,Stockholms kommun,51,2018-09-24
0488332307829,4f8c750f-e0e5-4011-bfda-31a41f4b5996,Abraham Halef,S,Stockholms län,52,2020-08-01
0210198640127,b22cb715-79b0-4610-988f-e344f13a8cd4,Fredrik Schulte,M,Stockholms län,53,2019-07-02
0545353563812,8399ff3f-1fbe-4984-b59c-4ada1ec670ec,Amineh Kakabaveh,-,Stockholms län,54,2018-09-24
0313390540217,9cd4ce1a-c1f5-4743-aed6-8e60569e9947,Ingela Nylund Watz,S,Stockholms län,55,2018-09-24
0752691002718,f0303245-c279-46dc-bffb-549d300db73a,Pyry Niemi,S,Uppsala län,56,2018-09-24
0718034011110,5e09bf12-6f96-4a96-ac0c-27203aef4d2f,Jessika Roswall,M,Uppsala län,57,2018-09-24
0204240926023,8a9f3c8c-8ce8-4a17-9e57-0109af47efcc,Markus Wiechel,SD,Östergötlands län,58,2018-09-24
0792733370419,0d218eb6-6294-4587-8abf-be0a351d7213,Magnus Oscarsson,KD,Östergötlands län,59,2018-09-24
042413114103,314fe869-7e6c-441f-8d1f-5ab2c6052f1d,Anne Oskarsson,SD,Kalmar län,60,2018-09-24
0624994476012,1f4c942c-2e41-4687-8087-ae80156f02ab,Nermina Mizimovic,S,Kalmar län,61,2020-09-08
025967059622,639da251-c800-4b3d-a8c5-6626094c9035,Magnus Manhammar,S,Blekinge län,62,2018-09-24
0138741628520,9d68c0c3-2102-402d-998f-dc56a410d19d,Angelika Bengtsson,SD,Blekinge län,63,2018-09-24
0134101155612,d3a9b52a-0d94-4610-b20e-d0ed8375c9d1,Rikard Larsson,S,Skåne läns södra,64,2018-09-24
0787535945527,f17df284-828f-481d-9f83-8c6d2b6d2576,Jennie Åfeldt,SD,Skåne läns södra,65,2018-09-24
0575283695521,d36827d1-ca61-4bf0-8482-7e9db375cb43,Helena Antoni,M,Hallands län,66,2019-07-02
0992473266516,e238e06a-acac-4fae-829c-1773ee851878,Larry Söder,KD,Hallands län,67,2018-09-24
0227531635413,9f5c5d35-c450-4068-923a-2d8d077223d5,Lars Püss,M,Hallands län,68,2018-09-24
0640627133410,cb53466b-8349-484e-9a7b-084561cdf8b4,Elisabeth Falkhaven,MP,Hallands län,69,2018-09-24
0828001951212,06f647f7-2937-4767-af38-04636afc040d,Ingemar Kihlström,KD,Västra Götalands läns södra,70,2018-09-24
0285527517421,54ecece4-3002-4cff-a4f2-f463efb2affb,Caroline Nordengrip,SD,Västra Götalands läns södra,71,2018-09-24
065701062615,49cb272f-9347-407a-bac0-06403fbec5b5,Runar Filper,SD,Värmlands län,72,2018-09-24
0554852839719,4db15792-072c-456e-a46c-6d0cee07889e,Mikael Dahlqvist,S,Värmlands län,73,2018-09-24
066036027425,cd568a26-75c0-401e-a4de-d43589a8dc21,Mikael Damsgaard,M,Västmanlands län,74,2019-07-02
0308306375022,521898f1-51de-46ff-8701-d28b8a0e651d,Roger Haddad,L,Västmanlands län,75,2018-09-24
0208558695314,4746c2a4-172a-4092-a3d3-08144cd1f0be,Ingemar Nilsson,S,Västernorrlands län,76,2018-09-24
0779781772919,a761212d-42d3-4b7d-a535-58fb33d2098d,Kristina Nilsson,S,Västernorrlands län,77,2018-09-24
0407081382317,c2917e84-a1f8-4de8-9c71-a492eee1f43f,Anna-Caren Sätherberg,S,Jämtlands län,78,2018-09-24
0472349361027,f8d1d1b6-f008-446e-a7f8-dd324fbb71d4,Kalle Olsson,S,Jämtlands län,79,2019-01-14
0704744533715,02562f8f-735e-4da4-9a8c-e0c9d2a021fd,Pernilla Stålhammar,MP,Stockholms kommun,80,2019-01-22
0126797549328,0b564224-f764-4bfc-87f6-80fcaa33fa46,Johan Forssell,M,Stockholms kommun,81,2018-09-24
0285631067215,4eda0e46-58a1-446f-b12b-1de6132f4f35,Robert Halef,KD,Stockholms län,82,2018-09-24
0638497389621,04727b66-64cd-4880-be85-dc8fe873bf8d,Julia Kronlid,SD,Stockholms län,83,2018-09-24
0166790812128,b86c28d2-48d1-41a6-bea3-b3317cdfeec8,Hanif Bali,M,Stockholms län,84,2018-09-24
0982795248728,0ab695ba-6994-11d7-ae76-0004755038ce,Jakob Forssmed,KD,Stockholms län,85,2020-02-21
0732677378827,c994a157-6301-46d2-a111-abe58ec220f4,Marta Obminska,M,Uppsala län,86,2018-09-24
0970709885516,464de516-7b8b-4ddf-828e-9f373fd52d8e,Inga-Lill Sjöblom,S,Uppsala län,87,2020-08-24
0860364634014,df8c5ae3-43e8-4d8a-bf64-67b9a78fef66,Mattias Ottosson,S,Östergötlands län,88,2018-09-24
0150118366721,1c03e794-a9a3-43d5-810a-7951e4c70901,Linda Westerlund Snecker,V,Östergötlands län,89,2018-09-24
0170630324419,679f593a-0cce-4fbc-a5e4-0d803b93ac20,Per Schöldberg,C,Kronobergs län,90,2019-03-12
0304498908019,aecfc5a6-954f-41b7-8593-998f1c446e1b,Gudrun Brunegård,KD,Kalmar län,91,2019-04-01
0878075468027,d7c329b4-83e4-11d4-ae60-0050040c9b55,Hillevi Larsson,S,Malmö kommun,92,2018-09-24
0926214745119,a4581b8d-78fd-41c1-a55d-7fe9ed93c878,Heléne Björklund,S,Blekinge län,93,2018-09-24
0306286538528,a6a33386-bc67-4702-aa8c-331ffe7e2f9c,Sofia Damm,KD,Skåne läns södra,94,2018-09-24
023767922422,66fca0ac-0ebb-4bd0-b1e1-f34e223d2f1b,Mats Persson,L,Skåne läns södra,95,2018-09-24
037781229619,5c165eb8-a2d3-4991-8732-430ea585d763,Staffan Eklöf,SD,Hallands län,96,2018-09-24
0598792324417,fa0256bd-46ac-4027-be42-ffebef7b0dcf,Ulrika Jörgensen,M,Hallands län,97,2018-09-24
0875221317013,11d950d5-e41f-4e94-af86-ae8a1996d81b,Gunilla Carlsson,S,Göteborgs kommun,98,2018-09-24
0409540163215,eec523be-f85c-43d5-83b0-e734e43905d1,Hans Rothenberg,M,Göteborgs kommun,99,2018-09-24
0781520322912,26eb9dcc-8638-445e-8356-ba8fdeb6d742,Jörgen Hellman,S,Västra Götalands läns norra,100,2018-09-24
0226631365426,39797ca4-c136-41c6-bf6b-feb256dee6b3,Mikael Larsson,C,Västra Götalands läns södra,101,2018-09-24
0682989845822,de1f77c9-338c-4547-a223-9898cd8ed084,Håkan Svenneling,V,Värmlands län,102,2018-09-24
0642224351118,057d1c7b-e668-4acc-8167-5d8dc68db0af,Pål Jonson,M,Värmlands län,103,2018-09-24
0564126739422,d07b112d-3095-4283-bf67-806499587845,Åsa Coenraads,M,Västmanlands län,104,2018-09-24
055257333723,78e41c66-0d03-4914-9369-f03b795217e5,Oscar Sjöstedt,SD,Västmanlands län,105,2018-09-24
0521844714515,74612723-9c78-4dbd-b635-1309681dea16,Christina Höj Larsen,V,Västernorrlands län,106,2018-09-24
0455086201022,88b7893a-c9f3-4278-a486-353a1d77a96c,Johnny Skalin,SD,Västernorrlands län,107,2018-09-24
0905312407726,e59e1306-99aa-4644-8fda-d54ff040ce98,Cassandra Sundin,SD,Jämtlands län,108,2018-09-24
0103624617217,13c0a836-8abf-453d-92d0-44d009c27f85,Helén Pettersson,S,Västerbottens län,109,2018-09-24
0216534495014,5b7ac02c-0819-426d-bc5d-41b8c21ca4dd,Jens Holm,V,Stockholms kommun,110,2018-09-24
0860429409414,f03ff45a-c476-11d4-ae40-006008578ce8,Désirée Pethrus,KD,Stockholms kommun,111,2019-01-01
0603366539729,b25b78e6-540a-4b6d-8a54-e365587df379,Malin Danielsson,L,Stockholms län,112,2020-02-01
0932000030511,ee32e119-fdfe-4e00-b136-b2102d79b2a6,Maria Stockhaus,M,Stockholms län,113,2018-09-24
0474290584024,c325b529-3455-44a2-acd2-597698b321a6,Azadeh Rojhan Gustafsson,S,Stockholms län,114,2020-08-01
0376353897112,bdd26f21-dca7-4e7c-af32-131937aa539b,Leif Nysmed,S,Stockholms län,115,2018-09-24
0846730583715,bbb1430f-1f7d-4768-b1fc-3f69e158300c,Monika Lövgren,SD,Uppsala län,116,2020-02-29
0506541436524,1d28738c-16d7-48f3-bb2a-e8cdcf348ca1,Sanne Lennström,S,Uppsala län,117,2020-05-18
0315499690028,3d764cf6-705b-460b-8226-df8f1226b27b,Teresa Carvalho,S,Östergötlands län,118,2019-12-01
0780214960516,ee86b181-9f3b-4e03-8ef4-b96b1e79cd25,Eva Lindh,S,Östergötlands län,119,2018-09-24
049290762318,34f7ceb6-9f7c-4b37-a15e-1c61ffa639e5,ClasGöran Carlsson,S,Kronobergs län,120,2018-09-24
0128805841317,97a9cfb7-de78-4995-8e29-40891595e8d2,Katarina Brännström,M,Kronobergs län,121,2018-09-24
0446541913415,b58dac92-0bb0-4fe3-a052-9049b9a99959,Allan Widman,L,Malmö kommun,122,2018-09-24
0956595590924,0918737e-5224-47aa-a86b-d64f6d820618,Tobias Billström,M,Malmö kommun,123,2018-09-24
0847676507229,7b077f5d-490e-4aab-84a0-7ecd607fe309,Stina Larsson,C,Skåne läns södra,124,2020-04-07
0341628241813,d9f971a1-12ab-4a01-8cb6-2d2d6a9e0791,Marianne Pettersson,S,Skåne läns södra,125,2018-09-24
010643534813,a7390cef-27c2-4068-800d-ee21b1a94c69,Eric Westroth,SD,Hallands län,126,2018-09-24
0272006117024,e66d3e3a-3f97-4942-bc4a-f4aa89ad365a,Jon Thorbjörnson,V,Hallands län,127,2018-09-24
0980316377627,4cc89ee3-f5bd-4009-a13f-d86a40caff16,Lars Hjälmered,M,Göteborgs kommun,128,2019-05-11
0499755198526,9ae916dd-799d-4d2b-80c4-f00bc5a7344d,Mattias Jonsson,S,Göteborgs kommun,129,2018-09-24
069309987221,31ae8846-ad0b-4ff2-aaf7-72b398d1fb5a,Johan Hultberg,M,Västra Götalands läns norra,130,2020-03-02
0977592683711,d7c3282f-83e4-11d4-ae60-0050040c9b55,Magnus Jacobsson,KD,Västra Götalands läns norra,131,2018-09-24
0358514648113,ac019194-2cf6-4ebd-8d29-29e1f3950cdf,Marléne Lund Kopparklint,M,Värmlands län,132,2018-09-24
0509415296421,708eae46-00f3-433c-ba07-7129def782fb,Kjell-Arne Ottosson,KD,Värmlands län,133,2018-09-24
0296384583518,473cc883-b475-42fe-8553-4f1a6bd17a54,Åsa Eriksson,S,Västmanlands län,134,2018-09-24
0228027853620,9d24d55a-be20-4caa-ac48-4da11b50969c,Vasiliki Tsouplaki,V,Västmanlands län,135,2018-09-24
0947572086414,4777adeb-0a0f-4154-ace9-0c5f149f228b,Anne-Li Sjölund,C,Västernorrlands län,136,2020-09-22
043972220518,294cd1d7-df0b-4794-b433-b3892d3ad29d,Jasenko Omanovic,S,Västernorrlands län,137,2018-09-24
0506482805418,cebc9890-55f1-41ff-acc7-af2de3e4320e,Isak From,S,Västerbottens län,139,2018-09-24
0606863154419,7a3c3bff-401a-45da-9f1b-e92d4a5c2637,Mats Berglund,MP,Stockholms kommun,140,2019-01-23
0992420223820,acdaa4aa-20f2-49a0-b929-0862f4bd6826,Jessica Rosencrantz,M,Stockholms kommun,141,2020-05-04
041911485722,af75fe5c-7d6c-493e-91d6-b44a1445c718,Magdalena Schröder,M,Stockholms län,142,2018-11-12
0802546764724,73281fee-b276-4150-8cf0-fd3368b3c5c6,Åsa Westlund,S,Stockholms län,143,2018-09-24
0493288854424,ab589436-528b-42c5-8e0c-28849b0d2294,Niklas Wykman,M,Stockholms län,144,2018-09-24
0294138886823,57cbe134-829b-4fb8-9cc1-ce2f1cd02f3b,Martin Kinnunen,SD,Stockholms län,145,2018-09-24
0229350341619,ffe5107b-dc51-4209-ae87-9eabf8fe014d,Ilona Szatmari Waldau,V,Uppsala län,146,2018-09-24
064711971110,d9a13d2e-85ec-4c59-af10-773ff99b8eb1,Maria Gardfjell,MP,Uppsala län,147,2018-09-24
0281670919717,086bff3d-8adb-47c2-b5dc-86d4a9f1b191,Jörgen Grubb,SD,Östergötlands län,148,2018-09-24
0719332223713,3eae18dc-594f-44eb-95a8-0e5b2b71d645,Juno Blom,L,Östergötlands län,149,2018-09-24
0772402807013,06776272-4f62-44c7-9011-f66349279c88,Sven-Olof Sällström,SD,Kronobergs län,150,2018-09-24
0831636664429,727e2213-ac97-4ceb-bfab-f228debd8074,Mattias Karlsson,SD,Kronobergs län,151,2018-09-24
0925652297119,e9375099-ca5f-4aac-a0ab-de8e3ed1ee99,Per Ramhorn,SD,Malmö kommun,152,2018-09-24
0625199891029,8869b0be-91c2-42c3-ab4a-8b519575b48d,Johanna Öfverbeck,MP,Malmö kommun,153,2020-05-04
0254021157518,46472134-8e4e-4c65-856e-d401cad915dd,Lars Andersson,SD,Skåne läns södra,154,2018-09-24
0411459873625,8880da78-8ec1-41f7-96c7-f007375352ac,Hanna Gunnarsson,V,Skåne läns södra,155,2018-09-24
0161597857912,d7c31c8c-83e4-11d4-ae60-0050040c9b55,Tuve Skånberg,KD,Skåne läns norra och östra,156,2018-09-24
0132818093422,a57d39bb-9f60-4def-ab90-97791ec56447,Rickard Nordin,C,Göteborgs kommun,157,2018-09-24
0691264514114,9fd034bc-17ce-471b-b78c-94e03b34f7a0,Anna Johansson,S,Göteborgs kommun,158,2018-09-24
0198917587520,9d6489d6-6fa5-4420-9224-8968abaa569c,Maj Karlsson,V,Göteborgs kommun,159,2018-09-24
0974061238314,ee75e6d6-b026-4d65-a54e-f02861c80721,Paula Holmqvist,S,Västra Götalands läns norra,160,2018-09-24
0170585430421,c63331e9-02ca-4f71-a7de-9a17e2ec4ac4,Jimmy Ståhl,SD,Västra Götalands läns norra,161,2018-09-24
0322827326923,92355c36-d95d-42ed-9ad9-463bf9558767,Arman Teimouri,L,Värmlands län,162,2018-09-24
0224712677012,d7c327f8-83e4-11d4-ae60-0050040c9b55,Johan Pehrson,L,Örebro län,163,2018-09-24
0594680769027,a9ffa63a-bd3e-4f78-ab3d-5228673ff370,Daniel Andersson,S,Örebro län,164,2019-01-21
0148424181819,3298ed49-917f-4230-8cf5-e10a70a93727,Ann-Christine From Utterstedt,SD,Västmanlands län,165,2018-09-24
0628005785225,fe6f437b-729a-4943-8e41-f43d39a5605f,Jörgen Berglund,M,Västernorrlands län,166,2018-09-24
0203877548421,39523176-322e-469e-a754-3c46db2b0756,Malin Larsson,S,Västernorrlands län,167,2018-09-24
084624777218,6cca7c48-b127-4d65-8052-ac3588a50dbd,Helena Lindahl,C,Västerbottens län,168,2018-09-24
0273506284025,eaa4ca85-20f4-4375-8b76-61febbcf37f6,Edward Riedl,M,Västerbottens län,169,2018-09-24
0559925283228,2d7334ea-9a6f-4381-b6ec-3c46d744cb9a,Teres Lindberg,S,Stockholms kommun,170,2018-09-24
014386615025,979e9852-69ed-4077-8140-52ab99414a6c,Ali Esbati,V,Stockholms kommun,171,2018-09-24
0204443909416,6014c0f6-d3b6-4ed4-ae63-ace3af71dc86,Johan Hedin,C,Stockholms kommun,172,2019-06-20
0246927519019,b250135d-d424-497a-8484-36cb6c0dbf3d,Karin Rågsjö,V,Stockholms kommun,173,2018-09-24
0496341906327,f96150c2-6e1c-4e3f-bc7f-2503f3cc9ede,Alexandra Völker,S,Stockholms län,174,2019-08-01
0604811710522,e8a2c04d-a186-421b-b1fd-a401f0917673,Ida Drougge,M,Stockholms län,175,2019-09-10
0955748436811,0cb27c59-4f9e-4d84-a8e2-f45325b5a93c,Robert Stenkvist,SD,Stockholms län,176,2018-09-24
0256716955026,f2597c6d-8286-457a-9d62-6243f260af40,Serkan Köse,S,Stockholms län,177,2018-09-24
0853204119514,cec8b2f1-f56f-4b7e-974f-eefa299c89cb,Marlene Burwick,S,Uppsala län,178,2018-09-24
0161616238120,87042942-c4f6-46ff-9eac-fceaf25729d5,Lina Nordquist,L,Uppsala län,179,2018-09-24
025931369428,9944df03-e946-4046-aeef-c49117503a0c,Jonas Andersson,SD,Östergötlands län,180,2018-09-24
0546731406922,67e327d0-b2ca-47eb-802a-c140187f0e0c,Rebecka Le Moine,MP,Östergötlands län,181,2018-09-24
0760500234712,6f818cd1-9a97-412f-bc59-1d1e8a2ceb19,Monica Haider,S,Kronobergs län,182,2018-09-24
0729710260118,a65ace9d-bbae-43cd-8a21-119c8b3b0bfb,Helena Bouveng,M,Jönköpings län,183,2018-09-24
0121939297619,6a1b02dd-bdc4-4019-ab3e-dfeb133018ed,Jamal El-Haj,S,Malmö kommun,184,2018-09-24
0254695027922,f257311a-2900-4db5-a2e2-df250c764ad6,Momodou Malcolm Jallow,V,Malmö kommun,185,2018-09-24
0624040854527,280f9475-e1a8-495b-96bf-04b1b0497a00,Emma Berginger,MP,Skåne läns södra,186,2018-09-24
0130640724922,6977f22f-363b-40fb-8f8f-8163b4492345,Clara Aranda,SD,Skåne läns södra,187,2018-09-24
0731442709013,f03ff4a2-c476-11d4-ae40-006008578ce8,Christer Nylander,L,Skåne läns norra och östra,188,2018-09-24
0980681611418,ef84acf4-4f56-45d9-9951-1c8ba4098302,Hans Wallmark,M,Skåne läns norra och östra,189,2018-09-24
0877778793323,90110ece-022e-4e0f-bb4e-f5102900fa9a,Johan Büser,S,Göteborgs kommun,190,2018-09-24
0223069839622,99a5ca75-949e-470a-9b44-e2cdbcec920b,Robert Hannah,L,Göteborgs kommun,191,2019-05-17
0344222203323,13a59e93-95fe-45fb-b7b5-a76f8181cb4f,Dennis Dioukarev,SD,Göteborgs kommun,192,2018-09-24
0468765214727,3b9b4858-4b06-4e43-b452-a0dc9d730e9a,Yasmine Posio,V,Göteborgs kommun,193,2018-09-24
0519542449425,08f0d4c3-a02f-4e08-88b2-c03d384f63fc,Fredrik Christensson,C,Västra Götalands läns norra,194,2018-09-24
0720250789315,d235dd08-8b15-4e31-aec7-b380a1c1ac0b,Mats Wiking,S,Västra Götalands läns norra,195,2018-09-24
0859968278117,d7c3279d-83e4-11d4-ae60-0050040c9b55,Carina Ohlsson,S,Västra Götalands läns östra,196,2018-09-24
0893004490313,8a611e75-37ca-434d-9767-9fb3b60ea82f,Cecilia Widegren,M,Västra Götalands läns östra,197,2018-09-24
0899112324519,b7538868-d298-4c5f-9098-e42ea9fb13da,Elisabeth Svantesson,M,Örebro län,198,2018-09-24
0415959965211,0c2f572c-a7ce-4f39-8ea9-9a758a01680c,Mia Sydow Mölleby,V,Örebro län,199,2018-09-24
0194498232620,e53ce4a4-b399-4ed6-9815-cb96818871b3,Roza Güclü Hedin,S,Dalarnas län,200,2018-09-24
083953568015,90a36b36-2870-4c28-8df1-637a2eb12e8e,Malin Höglund,M,Dalarnas län,201,2020-08-31
0671241874717,96765f90-7072-436d-8143-264d7cbd7fa9,Elisabeth Björnsdotter Rahm,M,Västerbottens län,202,2018-09-24
0482689573825,7ef75999-90a2-41af-a083-6dfd70e8e3e8,Björn Wiechel,S,Västerbottens län,203,2020-08-10
0538494048717,c5e9daf0-868f-4c8e-9a69-671c7b22855a,Jonas Andersson,SD,Västerbottens län,204,2018-09-24
0648224557612,317c6cc9-dcd5-4dcc-b275-9e17d973da4c,Åsa Karlsson,S,Västerbottens län,205,2018-09-24
0495218011521,a3bcba0f-0032-4aba-a889-f3fc19d82549,Johanna Jönsson,C,Stockholms kommun,206,2018-09-24
0721509806321,78d79a96-956f-4ac3-bbf7-2b15b3d86ce7,Nooshi Dadgostar,V,Stockholms kommun,207,2020-03-01
037561614928,285a3d5f-cb32-4958-9b7c-1545b2faff18,Lawen Redar,S,Stockholms kommun,208,2018-09-24
0277648711624,df3988c4-9541-465c-b02e-1410c3d31155,Anders Österberg,S,Stockholms kommun,209,2018-09-24
0613297818326,2091e357-e195-430b-8dab-7e13732ffa41,Mathias Tegnér,S,Stockholms län,210,2018-09-24
0832311880029,0f90ef03-a652-45a1-b697-39a33b32e512,Erik Ottoson,M,Stockholms län,211,2018-09-24
0866055333028,8310e472-996b-4c8a-bce5-4d09fb20a66a,Alexandra Anstrell,M,Stockholms län,212,2018-09-24
0779329190517,3ce8f147-129f-412c-b6ad-db566d53b1db,Kjell Jansson,M,Stockholms län,213,2018-09-24
0694917698222,6025366f-76b8-4664-a3ef-ea0864fc8365,Michael Rubbestad,SD,Uppsala län,214,2018-09-24
0365696629917,8db17d9d-2310-492f-ba10-330566aadc83,Inge Ståhlgren,S,Södermanlands län,215,2020-10-02
057993099726,529ac523-d10b-444b-8441-56a24a66ef5b,Magnus Ek,C,Östergötlands län,216,2018-09-24
0742883909221,5af2318e-82dc-4271-b219-c12b3d74d11a,John Weinerhall,M,Östergötlands län,217,2018-09-24
0862868280923,e234524d-e04b-448a-b609-05926a0a8b36,Annie Lööf,C,Jönköpings län,218,2020-09-01
0737073162411,8340e89d-250a-4300-bab5-6937399ee277,Emma Carlsson Löfdahl,-,Jönköpings län,219,2018-09-24
0376395541120,4a486ea1-d97c-4393-9ada-2639140cfd46,Joakim Sandell,S,Malmö kommun,220,2018-09-24
0587736055221,1512b21b-9312-41bc-80ed-f4f0e58f1de4,Niels Paarup-Petersen,C,Malmö kommun,221,2018-09-24
0616721755222,88e092fa-1769-43c7-bfef-9d260811c982,Louise Meijer,M,Skåne läns södra,222,2018-09-24
0810201628512,5ac51ad6-c8ea-4ce6-bcd5-b8609d6c058a,Ann-Charlotte Hammar Johnsson,M,Skåne läns västra,223,2018-09-24
0199751900210,cbadd933-3375-4216-92fd-3d64a56b5a13,Annelie Karlsson,S,Skåne läns norra och östra,224,2018-09-24
0452755722723,06d7c195-c170-4103-bcc6-1d9c0d43b169,Björn Söder,SD,Skåne läns norra och östra,225,2018-09-24
051870309210,214d9393-c01e-497c-8580-d033b9f57705,Anna Sibinska,MP,Göteborgs kommun,226,2018-09-24
0810852280213,ddbc56dc-35aa-4c01-828c-5a117e4f2682,Marie-Louise Hänel Sandström,M,Göteborgs kommun,227,2018-09-24
0962841101917,238444e1-ea5f-4acc-b9d1-b7789658b931,Annika Qarlsson,C,Västra Götalands läns västra,228,2018-09-24
028954589415,f91f6a86-591c-449c-b3dd-1fdaa86338cd,Ann-Sofie Alm,M,Västra Götalands läns norra,229,2018-09-24
0202577142527,8c4af927-7bb6-4012-9b46-12adb641f556,Matheus Enholm,SD,Västra Götalands läns norra,230,2018-09-24
0952789103522,c5632090-a0aa-461e-9ab2-e9aaa45d0983,Elin Segerlind,V,Västra Götalands läns norra,231,2018-09-24
0516528386117,8a5b8260-f6d5-4d17-af0b-a339cd40470e,Patrik Björck,S,Västra Götalands läns östra,232,2018-09-24
0836001490919,8c343e73-ddab-428a-87aa-0ab8e2879ce4,Ulrika Heie,C,Västra Götalands läns östra,233,2018-09-24
0692076685824,94f81deb-b316-4a83-8712-1e4d9f102ec2,Camilla Hansén,MP,Örebro län,234,2019-11-04
0494054455310,1b1880b5-b042-47b6-8669-8a51e1908365,David Lång,SD,Örebro län,235,2018-09-24
0204494765606,71b2ece2-dcf7-4e51-aa4c-042cca81cf1e,Ann-Britt Åsebol,M,Dalarnas län,236,2018-09-24
0136801772915,566a8a1c-0625-4f24-9beb-6b6dec928df7,Maria Strömkvist,S,Dalarnas län,237,2018-09-24
0628190530410,a9eff036-3d8c-487e-9325-e3bece8df1e4,Ulla Andersson,V,Gävleborgs län,238,2018-09-24
0229760896014,6ad91da1-1287-4e8f-9778-3315390fdfca,Anders Jonsson,C,Gävleborgs län,239,2018-09-24
0911916463828,19d6281a-a1fc-4399-9631-89acf6420f42,Fredrik Lundh Sammeli,S,Norrbottens län,240,2018-09-24
0706528359123,d17ef55a-9e3b-4a4d-894e-d57c7fb4973f,Linus Sköld,S,Norrbottens län,241,2019-01-30
0800956862429,9d13985d-9d6c-4cba-8492-1155d94fbe69,Gulan Avci,L,Stockholms kommun,242,2018-09-24
0685749336810,56a35546-926b-4ac3-a101-a157de119e00,Dag Larsson,S,Stockholms kommun,243,2018-09-24
0502490570219,8cafb7dc-dbdd-4ac4-bd56-1e4e75daa4a6,Kristina Axén Olin,M,Stockholms kommun,244,2018-09-24
0495661214429,087644a0-838d-4768-9133-62745aeee287,Lorentz Tovatt,MP,Stockholms kommun,245,2018-09-24
0194021108712,eda7cbeb-16f4-4a35-b0cd-ca4158e60906,Mikael Strandman,SD,Stockholms län,246,2018-09-24
0333193598116,24c753af-11ea-4c6f-90f9-f4142fc71e19,Bo Broman,SD,Stockholms län,247,2018-09-24
0502688311316,fb0337ec-a1b0-440e-b9b4-a48e99fd415c,Anna Vikström,S,Stockholms län,248,2020-08-01
0819601620927,a9346ffe-2c1f-4e2b-b686-d8248a3d0db2,Annika Hirvonen Falk,MP,Stockholms län,249,2019-06-19
0537400268911,ae67201e-c2ea-4c8d-8a62-54f12be55778,Caroline Helmersson Olsson,S,Södermanlands län,250,2018-09-24
0475778011711,b6fe54d6-ffc7-4435-9326-5baf132b3338,Hans Ekström,S,Södermanlands län,251,2018-09-24
0637784834317,1e88d018-d8e2-4243-b95a-b72a290ccbd7,Diana Laitinen Carlsson,S,Jönköpings län,252,2020-09-01
051207517226,5ecb17ba-ebbe-4958-a142-a5134aff9808,Jimmie Åkesson,SD,Jönköpings län,253,2018-09-24
0542160909628,7f431f89-8b2f-4499-8997-f55f1b57d8ab,Andreas Carlson,KD,Jönköpings län,254,2020-03-19
0538387395826,d5c26045-6fd1-4c05-8f97-7195e1e324ff,Mats Green,M,Jönköpings län,255,2018-09-24
0338088431726,235255cd-cf3b-4b45-906d-5ffe21195683,Sara Gille,SD,Malmö kommun,256,2018-09-24
0793372891224,2d211f58-34b9-44c9-b2f0-def45ed3e03c,Noria Manouchi,M,Malmö kommun,257,2018-09-24
0603753860213,96fd915b-03e4-436a-9fbd-879f0737d828,Carina Ståhl Herrstedt,SD,Skåne läns västra,258,2018-09-24
0582811195313,45445eb9-01dc-4786-990e-c1864d4f7c50,Tina Acketoft,L,Skåne läns västra,259,2018-09-26
0630820052511,0ba9f702-555f-419f-89fb-7e1234ae1171,Per-Arne Håkansson,S,Skåne läns norra och östra,260,2018-09-24
0325462829512,aa5e595b-e755-4a4e-a457-ea289ad1add3,Christina Östberg,SD,Skåne läns norra och östra,261,2018-09-24
0228167770927,f950f83d-d19e-4ae8-82c5-8a302c4bd0eb,Maria Nilsson,L,Göteborgs kommun,262,2018-09-24
0279488554424,300c041c-1f7e-4daa-97e0-4d2ec8e6f4f5,Alexander Christiansson,SD,Göteborgs kommun,263,2018-09-24
0257612529618,f1484855-05d7-498f-8872-5a0c33ad535b,Kenneth G Forslund,S,Västra Götalands läns västra,264,2018-09-24
0237055280513,e3b6587d-15fd-4a54-a95b-c1eaa56d2f68,Roland Utbult,KD,Västra Götalands läns västra,265,2018-09-24
0144048894712,efb2daaa-8053-411f-9fc7-dfcca1395bb0,Ellen Juntti,M,Västra Götalands läns västra,266,2019-04-12
0781623040415,e581b273-02ee-4cb3-9390-35ea0061eca1,Camilla Waltersson Grönvall,M,Västra Götalands läns västra,267,2018-09-24
0828721176319,641344b2-dc65-4282-b308-8fca005983a1,Sten Bergheden,M,Västra Götalands läns östra,268,2018-09-24
0211757295524,2131f2eb-348c-4b92-8e76-52c134d79919,Josef Fransson,SD,Västra Götalands läns östra,269,2018-09-24
066769783310,acbfe365-7ddb-44db-b076-105b2b9b689a,Lotta Olsson,M,Örebro län,270,2018-09-24
0492644357418,f3da7403-18a0-454d-bcac-9a0a36783d38,Per Söderlund,SD,Örebro län,271,2019-02-01
0641953830512,de52ae16-706b-4138-a194-aec42fd28aab,Magnus Persson,SD,Dalarnas län,272,2018-09-24
07012286624,b00db2a8-378a-440c-982e-af62d234ed95,Daniel Riazat,V,Dalarnas län,273,2018-09-24
089246126523,a6beb479-16a2-443e-b0ea-e9c14639064c,Elin Lundgren,S,Gävleborgs län,274,2018-09-24
0588282566419,db90fc94-9496-4748-9b84-bcfadc24af74,Lars Beckman,M,Gävleborgs län,275,2018-09-24
0825441263617,a2c4e9f3-6d4a-4994-9351-66ce4c752905,Birger Lahti,V,Norrbottens län,276,2018-09-24
0604459858621,8e282183-f357-460d-80e3-094d61d40889,Emilia Töyrä,S,Norrbottens län,277,2019-12-01
0494843794418,1e70f7df-dd11-410b-941a-bcac14e919a8,Martin Ådahl,C,Stockholms kommun,278,2018-09-24
0768554866215,243a8476-df07-435b-b2e8-50d03926ae51,Katja Nyberg,SD,Stockholms kommun,279,2018-09-24
0962410717322,50277320-fb16-40ba-82aa-8093fbb3126e,Sultan Kayhan,S,Stockholms kommun,280,2020-03-09
0530425150220,83b5647b-ccf4-4398-aefb-6d93152f951b,Annika Strandhäll,S,Stockholms kommun,281,2019-10-01
0852475703226,d3874590-31fb-4743-8d55-2565df5ed8af,Lorena Delgado Varas,V,Stockholms län,282,2018-09-24
0334816698724,b13770c1-edeb-4431-9ef2-2ce037d2567f,Karolina Skog,MP,Stockholms län,283,2019-01-22
0378597308227,86c365a5-452c-4bca-8871-45bf67a44645,Camilla Brodin,KD,Stockholms län,284,2018-09-24
0364687971222,4099ff9c-5d27-4605-b018-98fb229d94fa,Alireza Akhondi,C,Stockholms län,285,2018-09-24
0750518623913,61e74c12-dab8-4117-8b4e-ffd41c21dbda,Lotta Finstorp,M,Södermanlands län,286,2018-09-24
0831039938224,db2ca6ff-5620-4ece-8d31-97777f2efb48,Adam Marttinen,SD,Södermanlands län,287,2018-09-24
0652497579621,a1d94b24-2d7f-4d84-99fb-ca161ba77f78,Johanna Haraldsson,S,Jönköpings län,288,2018-09-24
0628870165823,ae37cc33-2580-4221-aa93-4dd4621ecb98,Emma Hult,MP,Jönköpings län,289,2018-09-24
02910042914,10b75fcf-dbac-4fba-9773-7e8889c237b2,Carina Ödebrink,S,Jönköpings län,290,2018-09-24
0796071663617,669a8123-3f21-4920-80f8-e4ec200ae575,Acko Ankarberg Johansson,KD,Jönköpings län,291,2018-10-24
065105536026,b20fb574-b44c-42af-ae93-064dfabbffaf,Niklas Karlsson,S,Skåne läns västra,292,2018-09-24
0655028250417,8f8cf53f-9bd3-464a-a4bd-0976a1ec2d5a,Lena Emilsson,S,Skåne läns västra,293,2020-09-01
0892978334516,0e4e69c7-d657-47e6-be67-e8a3003084fd,Michael Anefur,KD,Skåne läns västra,294,2020-08-31
0150200797210,783cb616-bbb0-49ff-9f2a-1200fd90f133,Mats Sander,M,Skåne läns västra,295,2020-11-02
0468956880528,cf98df89-2103-40cc-8524-b2df33125a3f,Mikael Eskilandersson,SD,Skåne läns norra och östra,296,2018-09-24
0572788110724,4f48a9f3-c14a-4436-8ad3-a1d4166bdf30,Maria Malmer Stenergard,M,Skåne läns norra och östra,297,2018-09-24
0503029811325,5d9734c8-d757-4862-8f2e-c292824120a7,David Josefsson,M,Göteborgs kommun,298,2018-09-24
0435740736429,88438cea-b340-48cf-8fa8-230f1a8d2ea2,Hampus Hagman,KD,Göteborgs kommun,299,2018-09-24
0316505710324,7e408079-a5cd-432a-a30e-fd61fd15c65a,Janine Alm Ericson,MP,Västra Götalands läns västra,300,2018-09-24
0861521539920,fc43f0dc-4fc1-4e6e-ba11-5b74b20a12b2,Aron Emilsson,SD,Västra Götalands läns västra,301,2018-09-24
0899169869710,5e7c5792-d4ff-4d8e-999f-92e1a7af86f3,Helena Gellerman,L,Västra Götalands läns västra,302,2018-09-24
0456680171315,a4dcaec3-1333-46f3-a7df-632d40399505,Charlotte Quensel,SD,Västra Götalands läns västra,303,2018-09-24
0667220767927,45bd9e8b-22f0-4cb7-9cfe-b40847e9715f,Erik Ezelius,S,Västra Götalands läns östra,304,2018-09-24
0547805254924,9a93ac06-5af1-475e-8b9f-858c6b003ef0,Jessica Thunander,V,Västra Götalands läns östra,305,2018-09-24
0903081277919,bcf8f6dc-7be4-46d3-bb3e-df793b2c5256,Helena Vilhelmsson,C,Örebro län,306,2018-09-24
0494242537816,f270f5c5-c28f-4267-8dff-0bead595f631,Hans Eklind,KD,Örebro län,307,2018-09-24
085742305813,22fbd180-3870-4f26-a5ee-eeab42b00de8,Patrik Engström,S,Dalarnas län,308,2018-09-24
0681030112815,3234a755-70b3-40db-b414-d5afb960ed4e,Peter Helander,C,Dalarnas län,309,2018-09-24
0773497241728,dd0d47ea-5e71-4ec9-b987-3261320ac857,Roger Hedlund,SD,Gävleborgs län,310,2018-09-24
0418929039326,41f3a07f-57ba-4d0c-b737-e05aa04ec023,Patrik Lundqvist,S,Gävleborgs län,311,2018-09-24
0509830681123,7891a68a-bcbd-43a3-bd8b-90bdbb040f45,Ida Karkiainen,S,Norrbottens län,312,2018-09-24
091303475611,fc3b3864-8e29-4fd4-ae65-fe387f3f6f4b,Eric Palmqvist,SD,Norrbottens län,313,2018-09-24
0522240580423,2658d745-0315-41b7-926c-f136a7803b88,Arin Karapet,M,Stockholms kommun,314,2018-09-24
0406831930624,1d7d8c9a-7879-4be3-8554-745991b615d2,Henrik Vinge,SD,Stockholms kommun,315,2018-09-24
0331791853028,ae22d593-d382-40dc-918c-df30916b6d9e,Yasmine Eriksson,SD,Stockholms kommun,316,2018-09-24
0980092192122,1c9bf350-8e09-4e61-b337-d03d4656b86a,Joar Forssell,L,Stockholms kommun,317,2018-09-24
025158809026,964e3aff-b4df-4f49-acc1-3bba2afc2f80,Ida Gabrielsson,V,Stockholms län,318,2018-09-24
0526748040023,5b6bef5c-75ce-4f53-894d-e89afd3b6799,Ludvig Aspling,SD,Stockholms län,319,2019-06-28
019430605328,698a36fb-19f3-48cf-bfda-20a17195fbd5,Josefin Malmqvist,M,Stockholms län,320,2018-09-24
0557180142229,08bb4baa-24ca-4395-baf7-c907a4d5b776,Fredrik Lindahl,SD,Stockholms län,321,2018-09-24
0838085832923,16c58b85-7b9a-4f36-9160-3a40680f433c,Ann-Sofie Lifvenhage,M,Södermanlands län,322,2019-05-02
0145294944502,b4329cc3-9256-470c-a712-5e2501c6fde7,Roger Richthoff,SD,Södermanlands län,323,2018-09-24
0465804601318,0255b271-a7f0-43bc-9f5b-9fa694990dab,Pia Steensland,KD,Södermanlands län,324,2018-09-24
033935884729,5f965f4e-69e5-489d-99bf-a8908fc3e34a,Martina Johansson,C,Södermanlands län,325,2018-09-24
0776705932527,b34f05f5-d73a-428c-88a1-4e112c650498,Ciczie Weidby,V,Jönköpings län,326,2018-09-24
02658325625,a7ca5ca6-2e77-4360-8369-0671993019c4,Angelica Lundberg,SD,Jönköpings län,327,2018-09-24
0430865615328,669411b1-9abf-48dd-86c3-628cc7c5d137,Linda Lindberg,SD,Skåne läns västra,328,2018-09-24
0271338654822,002ed7e8-1202-46df-a87c-8585e5b92012,Ola Möller,S,Skåne läns västra,329,2019-11-04
0475643059428,946642dd-825a-47fb-b150-37373b873083,Jonny Cato,C,Skåne läns västra,330,2018-09-24
055824190225,109831a1-4305-4376-a3cf-ecc173855d65,Ebba Hermansson,SD,Skåne läns västra,331,2018-09-24
0111479807829,200035cd-228a-4afa-8849-844f2c1e35fb,Anna Wallentheim,S,Skåne läns norra och östra,332,2018-09-24
0454698803028,560c0817-1b91-478a-b273-87a82888328e,Sofia Nilsson,C,Skåne läns norra och östra,333,2018-09-24
0309480686522,5997ba96-4f01-46f4-8bd8-e1411a9d503b,Leila Ali-Elmi,MP,Göteborgs kommun,334,2018-09-24
0920901966627,8e21a563-23d4-46cd-a901-acf5839d72d9,Tony Haddou,V,Göteborgs kommun,335,2018-09-24
022805994927,1ee04f4d-e5a6-4aab-8461-f5baa7d2a2da,Sofia Westergren,M,Västra Götalands läns västra,336,2018-09-24
0737666060225,a6a8678d-8fe2-414c-9dc4-da76ad161d23,Joakim Järrebring,S,Västra Götalands läns västra,337,2018-09-24
0481460392727,dc0c1e6e-450b-4763-be41-c3f810d50b72,Jessica Wetterling,V,Västra Götalands läns västra,338,2018-09-24
0523902030928,d6bcb84c-0102-4eca-b564-c21bd7cf1f4e,Aylin Fazelian,S,Västra Götalands läns västra,339,2018-09-24
0512510717328,b0cce726-5e23-4d21-a609-95071f8820f0,Ebba Busch,KD,Västra Götalands läns östra,340,2018-09-24
086684470825,5763c159-5105-47b3-82fb-9cc7dc20dc7d,Tobias Andersson,SD,Västra Götalands läns östra,341,2018-09-24
0466653728712,47705a06-b78d-469f-9ebe-8f7407607be6,Denis Begic,S,Örebro län,342,2018-09-24
0267085997926,3303f6e9-7957-4a86-9457-090ef22a54ef,Lena Rådström Baastad,S,Örebro län,343,2018-09-24
0201207390210,4a2cb0d8-5569-4f1b-bd0f-62c7e812a2fb,Lars Adaktusson,KD,Dalarnas län,344,2018-09-24
0365748677411,3c0112b7-fdd4-4f06-833b-a27c93d6efdf,Mats Nordberg,SD,Dalarnas län,345,2018-09-24
0880018341619,ee4900a4-1434-4ae5-8ddf-4f18755e02cc,Thomas Morell,SD,Gävleborgs län,346,2018-09-24
0796312429425,7cdc7712-4bb7-4361-8b72-8f98a111d0c5,Viktor Wärnick,M,Gävleborgs län,347,2018-09-24
0522054204918,951f7039-b277-4696-ab49-7f0df0f39d1a,Mattias Karlsson,M,Norrbottens län,348,2018-09-24
0238095659621,63ea9085-f68c-4782-ae6e-12d84809d352,Linda Modig,C,Norrbottens län,349,2018-09-24
